Name,Latitude,Longitude,Address,Type,Google Maps Link
Al-Sinnak Parking Garage,33.3306629,44.4029213,"8CJ3+757، Sinak Bridge، شارع السنك, Baghdad",Parking garage,https://www.google.com/maps?ftid=0x15578201dd417fbb:0x72d753189254c95
Park,33.3433909,44.3921346,"تقاطع مديرية الشرطة القديمة, Baghdad",Parking garage,https://www.google.com/maps?ftid=0x155779b324c5ab43:0x6397d298940a3106
Garage Arboretum,33.3217642,44.4847213,"8FCM+PV5, Omar Bin Al Khatab Street, Baghdad",Parking garage,https://www.google.com/maps?ftid=0x155784653784b2e9:0x86611f72926b7d70
Parking and overnight parking,33.3128271,44.5051053,"8G74+42Q, Baghdad",Parking garage,https://www.google.com/maps?ftid=0x155784504e90291b:0x37a8857550ddb51d
New Baghdad Garage,33.3097548,44.4700672,"8F5C+W24, Baghdad",Parking garage,https://www.google.com/maps?ftid=0x155783f739d00e61:0x51b8946d821e12d1
كراج النهضة,33.3423895,44.4080301,"8CR5+72C, Baghdad",Parking garage,https://www.google.com/maps?ftid=0x15577c685d08916f:0x2f7e49729d14a886
كراج باب المعظم,33.3100771,44.4708686,"8F6C+28Q, Baghdad",Parking lot,https://www.google.com/maps?ftid=0x155783f7396e7ff7:0xd657e3e2a5a6aac2
Public Parking Lot,33.3346942,44.39893,"89MX+VHF, Baghdad",Parking lot,https://www.google.com/maps?ftid=0x155778aa7bc1ac61:0x75ed5cf3a5847a08
Parking Lot,33.3512012,44.4152023,"9C28+F3P, Baghdad",Parking garage,https://www.google.com/maps?ftid=0x15578268901962ab:0xeb63f17ab70d9979
Samawer Parking lot,33.3068551,44.4466312,"62 Al-Karada, Baghdad",Parking garage,https://www.google.com/maps?ftid=0x1557812a386e6f2f:0xbe90dfb28bbc81d0
Parking Lot,33.3326435,44.4018409,"8CM2+3P4, Baghdad",Parking lot,https://www.google.com/maps?ftid=0x15578201ac451403:0xfdd1dd7e81fade49
Bab Al-Sharqi Garage,33.3290912,44.4089159,"8CH5+JHM, Unnamed Rd, شارع الجمهورية, Baghdad",Parking lot,https://www.google.com/maps?ftid=0x1557821d33a4c755:0xaf471bdd331fc9c
Parking,33.3259825,44.4406417,"8CGR+HF6, Baghdad",Parking lot,https://www.google.com/maps?ftid=0x15578300590ef00b:0x1c38aa3625251172
University Parking Garage,33.3108196,44.447248,"8C6W+8VH, Al Senaha St, Baghdad",Parking garage,https://www.google.com/maps?ftid=0x15578348041dbc0b:0xe4e88300138f0c63
Al-Amana Parking Garage,33.3014057,44.4520291,"8F22+HR6، كراج الأمانة، بغداد, Baghdad",Parking lot,https://www.google.com/maps?ftid=0x15578377ffdb6ca9:0xbe6f0f7877566e3b
بارك الكرادة,33.3004989,44.4218842,"8C2C+5QR, Baghdad",Parking garage,https://www.google.com/maps?ftid=0x15578198b36300c7:0x7de1b8921ddc3658
The captured wheel garage,33.3135822,44.3981834,"897X+C7, Baghdad",Parking lot,https://www.google.com/maps?ftid=0x15577fd777124ff7:0xfb1ed7f262fe4e41
كراج بغداد الجديدة 1,33.3048289,44.4741154,"8F3F+WJQ, Baghdad",Parking lot,https://www.google.com/maps?ftid=0x155783f888f1dfcd:0xc968da6d5c7cd637
كراج عيون بغداد,33.2854487,44.4128551,"7CP7+54H, Baghdad",Parking garage,https://www.google.com/maps?ftid=0x15578033e34b8f9d:0x9e76e629099f22a
Parking Area,33.3119095,44.4371884,"شارع الواثق، بناية مكوك, Baghdad",Parking lot,https://www.google.com/maps?ftid=0x1557810001e9aff1:0x98a19bd9d6fe36e5
Officers Club Recreational Garage,33.3380763,44.4261749,"8CPG+XJ5 Directorate of Military Survey, Baghdad",Parking lot,https://www.google.com/maps?ftid=0x15578382e5013cf1:0x6c3f785fb8ad3424
Karbala & Najaf Garage,33.3218046,44.4853649,"8FCP+P4H، Unnamed Road, Baghdad",Parking lot,https://www.google.com/maps?ftid=0x15578544cb3ed45b:0x89faa640c629aef1
كراج العطار لوقوف السيارات,33.2990005,44.4224471,"7CXC+HXW, Baghdad",Parking garage,https://www.google.com/maps?ftid=0x15578100270a1fd9:0x4ed375ebcb274023
كراج سيارات,33.3003122,44.4237927,"8C2F+477, Baghdad",Parking garage,https://www.google.com/maps?ftid=0x1557810031aefdab:0xd90b5fda51abf344
Mado Garage,33.2848759,44.399183,"79MX+XM3, Baghdad",Parking garage,https://www.google.com/maps?ftid=0x15577f335c20ce11:0xf7509650ba873f17
كراج ساحة,33.3091392,44.4474824,"8C5W+MX5, baghdad -senaa Street, Baghdad",Parking lot,https://www.google.com/maps?ftid=0x1557810031d56fe5:0x4c698661f21266de
گراج سيارات,33.2959442,44.4155792,"20 Karada Dakhil, Baghdad",Parking garage,https://www.google.com/maps?ftid=0x15578155d77409c5:0x8dde351730531874
Parking Lot,33.3032193,44.4202352,"8C3C+73Q, Abu Nuw'as St, Baghdad",Parking lot,https://www.google.com/maps?ftid=0x155781bfb6784ca7:0xb4322641949e3437
كراج الفردوس,33.3389524,44.4035015,"8CQ3+HF7, Baghdad",Parking garage,https://www.google.com/maps?ftid=0x155783ee09194d8d:0xf0f65380a3e6a966
Building 32 parking,33.3248615,44.3918485,"89FR+VFM, Baghdad",Parking lot,https://www.google.com/maps?ftid=0x15577f0000b13297:0x2e8978959a644428
كراج الكيلاني,33.3353533,44.4078727,"8CP5+44Q, Baghdad",Parking garage,https://www.google.com/maps?ftid=0x155783bd31365003:0x79069162c704c933
Cars Park كراج وقوف السيارات,33.3250681,44.4513552,"8FG2+2GH, Baghdad",Parking lot,https://www.google.com/maps?ftid=0x155783c0cc897619:0xeb831472cf63f212
Parking,33.2924908,44.4249102,"7CRF+XXV, Baghdad",Parking lot,https://www.google.com/maps?ftid=0x155781b08c21e48f:0x330a8a81b5c8d049
Al Alawya park,33.3127232,44.4214723,"8C7C+3HQ, Baghdad",Parking lot,https://www.google.com/maps?ftid=0x15578192743c5c59:0xec107a23f2eebd64
گراج الطاووس,33.3116788,44.4678942,"8F69+M5C, Baghdad",Parking garage,https://www.google.com/maps?ftid=0x155783f0f62fd0ef:0x9c28a603e513741d
Ali Al-lami park,33.2831372,44.3922235,"79MR+7V5, Jamia St, Baghdad",Parking garage,https://www.google.com/maps?ftid=0x15577f8d01806aff:0x2a0de37d6af6e7f1
كراج سيارات,33.3321125,44.4059559,"8CJ4+R9W, Baghdad",Parking lot,https://www.google.com/maps?ftid=0x15578203a3071591:0xcd548e352a3ec2f9
كراج,33.3387499,44.4030127,"8CQ3+F5P, Baghdad",Parking lot,https://www.google.com/maps?ftid=0x15578367a530d253:0xdc37c0039a621fa7
Shelter Garage,33.3545084,44.3980265,"993X+R62, Baghdad",Parking garage,https://www.google.com/maps?ftid=0x1557789e729784a7:0x8e8801e341e493d4
كراج مرآب الخلاني - متعدد الطوابق,33.3342042,44.4076001,"8CM5+M2Q, Baghdad",Parking garage,https://www.google.com/maps?ftid=0x15578343910e7787:0x5068e4277c7ba3d1
كراج متعدد الطوابق,33.3106515,44.4769367,"8F6G+7Q7, Unnamed Road, Baghdad",Parking garage,https://www.google.com/maps?ftid=0x155785bf7a1dccc7:0x347e58b847b49ca7
Al-Kawther Parking Lot,33.2949924,44.4131117,"7CV7+X6X, Baghdad",Parking lot,https://www.google.com/maps?ftid=0x155781c14ddb4a73:0x725d71239d8e1110
كراج عشتار,33.2986183,44.4227665,"7CXF+C4R, Attar St, Baghdad",Parking garage,https://www.google.com/maps?ftid=0x1557811bd37c639b:0xdaf0046385df375e
كراج,33.3193521,44.4430081,"8C9V+Q94, Baghdad",Parking lot,https://www.google.com/maps?ftid=0x155783c05a7cace5:0x22e20c1ee33f656b
كراج النجمه لوقوف السيارت,33.3119463,44.4767548,"8F6G+QPC, Baghdad",Parking garage,https://www.google.com/maps?ftid=0x1557856ce6ab0e37:0xaf0c381f27ba2e6
كراج سيارات,33.3084788,44.4216574,"8C5C+8J3, Baghdad",Parking garage,https://www.google.com/maps?ftid=0x1557817906afa19d:0xa6fc2c230fe6b67e
كراج ابو الهيل,33.3107831,44.4771543,"8F6G+8V6, Unnamed Road, Baghdad",Parking garage,https://www.google.com/maps?ftid=0x155785913737791f:0xf8d098fbae5b38ae
كراج الطيف العمومي,33.3103273,44.4231839,"8C6F+47M, Baghdad",Parking garage,https://www.google.com/maps?ftid=0x155781918429cc23:0x649ecbe00af60952
گراج المصطفى - Al-Mustafa Garage,33.2993684,44.4225212,"7CXC+PXF, Attar St, Baghdad",Parking garage,https://www.google.com/maps?ftid=0x1557810077a5a2b5:0x540e7335cc83e5ba
البازي لوقوف السيارات,33.3001126,44.4210082,"8C2C+2CR، Gr, Karada Dakhil, Baghdad",Parking garage,https://www.google.com/maps?ftid=0x1557814ac943e8d3:0x445b35ce9adf71a
Al Saadon Garage,33.3217538,44.4151539,"8CC8+P32, Baghdad",Parking,https://www.google.com/maps?ftid=0x155781f444c00001:0x8c78a66110d4a8d1
ساحة لوقف السيارات,33.3144962,44.4278418,"8C7H+Q4W, Baghdad",Parking garage,https://www.google.com/maps?ftid=0x15578185fe3fffff:0x20681ec24d37374a
كراج متعدد الطوابق ومحلات في الطابق الارضي,33.307685,44.4239916,"8C5F+3HH, Baghdad",Parking garage,https://www.google.com/maps?ftid=0x155781eead70c435:0xb626de07def4e4f4
كراج سيارات الجامعة التكنولوجية المتعدد الطوابق,33.3114864,44.4494604,"Department of lasers and opto-electronics Engineering, Alsina'a Street, Baghdad",Parking garage,https://www.google.com/maps?ftid=0x155783e441e30da9:0x7870043dde700a3a
كراج الغدير,33.311573,44.4701403,"8F6C+QFC, Baghdad",Parking lot,https://www.google.com/maps?ftid=0x1557830024a4c435:0x362862fab813c6de
كراج سيارات,33.3436846,44.3918001,"تقاطع مديرية الشرطة القديمة, Baghdad",Parking lot,https://www.google.com/maps?ftid=0x1557790053b81495:0x840d30cc558b0160
كراج الحسينية,33.3323738,44.4152769,"8CJ8+W4R, Armenian Church Pedestrian Bridge, Baghdad",Parking garage,https://www.google.com/maps?ftid=0x1557832810654763:0xb5ae7e1fa0c201ec
كراجات السيد سلطان علي,33.3322841,44.398973,"89JX+XJ4, Al Rasheed St, Baghdad",Parking garage,https://www.google.com/maps?ftid=0x155779643645bd13:0xd472eb1eb4b2c9e8
ساحة اياد لوقوف السيارات,33.3147508,44.4724855,"8F7C+WX5, Baghdad",Parking garage,https://www.google.com/maps?ftid=0x155783acad7a52f9:0x9ad44fa86baaf256
Parking Garage,33.338172,44.397506,"89QX+73F, Baghdad",Parking lot,https://www.google.com/maps?ftid=0x155779000889428d:0x562391f38e882de7
Al-Rusafi Garage,33.3398468,44.3901696,"89QR+W3M, Baghdad",Parking garage,https://www.google.com/maps?ftid=0x155778adf0d092f3:0xe658a4d61103d677
كراج فضوة عرب,33.3338334,44.4102148,"8CM6+F3H، بغداد, Baghdad",Parking lot,https://www.google.com/maps?ftid=0x155783f55b9cb0ab:0xb63156608b5b6070
گراج الميدان - Al-Maydan Parking Garage,33.3450035,44.3870837,"89WP+2R4, ساحة الميدان, Baghdad",Parking lot,https://www.google.com/maps?ftid=0x155779faa7a57541:0x155cac958b63ea0c
كراج ايواء الصهاريج,33.2650209,44.427514,"7C8H+4GM، بغداد, Baghdad",Parking garage,https://www.google.com/maps?ftid=0x15578103d16920cd:0x3c02b8b612b5e968
ساحة وقوف,33.3279286,44.3895899,"89HR+C7M, Baghdad",Parking garage,https://www.google.com/maps?ftid=0x15577f73d2ec1361:0xa599ac95ef8f9174
كراج لوقوف السيارات,33.3510703,44.3889424,"تمثال معروف الرصافي, Bab AlMoatham Skyway, Baghdad",Parking garage,https://www.google.com/maps?ftid=0x155779ee1e334091:0x82c56b71e432c003
مرآب مجمع كليات الباب المعظم,33.3559417,44.3942798,"994V+9PC, Baghdad",Parking garage,https://www.google.com/maps?ftid=0x155779007975f78b:0x6dd8291f6d4ec5a7
كراج,33.3426984,44.3886048,"89VQ+3CV, Rashid Street, Baghdad",Parking garage,https://www.google.com/maps?ftid=0x155779000528e99d:0x5bd24ee0e1979d7f
كراج,33.374523,44.4029149,"9CF3+W6M قرب جسر الموال, شارع البريد, Baghdad",Parking lot,https://www.google.com/maps?ftid=0x1557830047e0ec85:0x100c04464aaa5d09
كراج متنبي,33.3407449,44.388752,"89RQ+7GR, Mutanabbi St, Baghdad",Parking lot,https://www.google.com/maps?ftid=0x15577900245eccb3:0x878c7282025943a9
كراج 2,33.3130014,44.3885871,"897Q+6C, Baghdad",Parking lot,https://www.google.com/maps?ftid=0x15577f631e0e1a01:0x4fba7b32927d6c72
Parking Garage,33.275206,44.385518,"79GP+36J, Unnamed Road, Baghdad",Parking garage,https://www.google.com/maps?ftid=0x15577f75fb56e497:0x4a5bb1927130d56b
كراج 1,33.3137201,44.3877516,"897Q+C4, Baghdad",Parking lot,https://www.google.com/maps?ftid=0x15577fec86e3dbf7:0xf1388e45b05cab4f
The main garage,33.2754983,44.3848345,"79GM+5WW, Unnamed Road, Baghdad",Parking garage,https://www.google.com/maps?ftid=0x15577fee8b5c6e73:0x453e82bbbcfcbd59
retirement garage كراج التقاعد,33.3347524,44.3864701,"89MP+WH5, Haifa St, Baghdad",Parking lot,https://www.google.com/maps?ftid=0x15577fcb03c08109:0x1178b94c5571a8f3
Almarsa's Park,33.2871522,44.3803499,"79PJ+V49, Baghdad",Parking garage,https://www.google.com/maps?ftid=0x15577fbfe1e0550b:0xc7c4239a3f5f7b81
General Parking Garage,33.2744193,44.3807329,"79FJ+R89, Baghdad",Parking garage,https://www.google.com/maps?ftid=0x15577f210e3fd35f:0x3a1e933fb940f944
كراج,33.3769214,44.4559327,"9FG4+Q97, Baghdad",Parking lot,https://www.google.com/maps?ftid=0x155783004feef431:0x1f675cf157a935cf
Al-Shuhadaa Bridge Parking Garage,33.3381646,44.3856038,"89QP+769، جسر الشهداء, Baghdad",Parking garage,https://www.google.com/maps?ftid=0x155778b3531cadbb:0x70eacd67e33a8685
